canonical,display,family,national,synonyms
nan,nan,,,nan
普通科(高等学校)(1989年3月卒業),普通科(高等学校)(1989年3月卒業),,,普通科(高等学校)(1989年3月卒業)
普通科(高等学校)(1981年3月卒業),普通科(高等学校)(1981年3月卒業),,,普通科(高等学校)(1981年3月卒業)
(短期大学),(短期大学),,,(短期大学)
(高等学校)(2013年3月卒業),(高等学校)(2013年3月卒業),,,(高等学校)(2013年3月卒業)
(高等学校),(高等学校),,,(高等学校)
普通科(高等学校)(2013年3月卒業),普通科(高等学校)(2013年3月卒業),,,普通科(高等学校)(2013年3月卒業)
普通科(高等学校)(1987年3月卒業),普通科(高等学校)(1987年3月卒業),,,普通科(高等学校)(1987年3月卒業)
普通科(高等学校)(2006年3月卒業),普通科(高等学校)(2006年3月卒業),,,普通科(高等学校)(2006年3月卒業)
普通科(高等学校)(1996年3月卒業),普通科(高等学校)(1996年3月卒業),,,普通科(高等学校)(1996年3月卒業)
普通科(高等学校)(1994年3月卒業),普通科(高等学校)(1994年3月卒業),,,普通科(高等学校)(1994年3月卒業)
(大学),(大学),,,(大学)
普通科(高等学校)(1976年3月卒業),普通科(高等学校)(1976年3月卒業),,,普通科(高等学校)(1976年3月卒業)
(その他),(その他),,,(その他)
(専門学校),(専門学校),,,(専門学校)
介護福祉科(専門学校)(2000年3月卒業),介護福祉科(専門学校)(2000年3月卒業),,,介護福祉科(専門学校)(2000年3月卒業)
普通科(高等学校),普通科(高等学校),,,普通科(高等学校)
普通科(高等学校)(2001年3月卒業),普通科(高等学校)(2001年3月卒業),,,普通科(高等学校)(2001年3月卒業)
普通科(高等学校)(1990年3月卒業),普通科(高等学校)(1990年3月卒業),,,普通科(高等学校)(1990年3月卒業)
普通科(高等学校)(1978年3月卒業),普通科(高等学校)(1978年3月卒業),,,普通科(高等学校)(1978年3月卒業)
(高等学校)(1993年3月卒業),(高等学校)(1993年3月卒業),,,(高等学校)(1993年3月卒業)
普通科(高等学校)(1998年3月卒業),普通科(高等学校)(1998年3月卒業),,,普通科(高等学校)(1998年3月卒業)
(高等専門学校),(高等専門学校),,,(高等専門学校)
普通科(高等学校)(1986年3月卒業),普通科(高等学校)(1986年3月卒業),,,普通科(高等学校)(1986年3月卒業)
商業科(高等学校)(1981年3月卒業),商業科(高等学校)(1981年3月卒業),,,商業科(高等学校)(1981年3月卒業)
普通科(高等学校)(1988年3月卒業),普通科(高等学校)(1988年3月卒業),,,普通科(高等学校)(1988年3月卒業)
(高等学校)(1986年3月卒業),(高等学校)(1986年3月卒業),,,(高等学校)(1986年3月卒業)
普通科(高等学校)(2003年3月卒業),普通科(高等学校)(2003年3月卒業),,,普通科(高等学校)(2003年3月卒業)
普通科(高等学校)(1991年3月卒業),普通科(高等学校)(1991年3月卒業),,,普通科(高等学校)(1991年3月卒業)
(専門学校)(2017年3月卒業),(専門学校)(2017年3月卒業),,,(専門学校)(2017年3月卒業)
介護福祉科(専門学校)(2013年3月卒業),介護福祉科(専門学校)(2013年3月卒業),,,介護福祉科(専門学校)(2013年3月卒業)
(高等学校)(1984年3月卒業),(高等学校)(1984年3月卒業),,,(高等学校)(1984年3月卒業)
(高等学校)(2002年3月卒業),(高等学校)(2002年3月卒業),,,(高等学校)(2002年3月卒業)
普通科(高等学校)(1983年3月卒業),普通科(高等学校)(1983年3月卒業),,,普通科(高等学校)(1983年3月卒業)
普通(高等学校),普通(高等学校),,,普通(高等学校)
普通科(高等学校)(2021年3月卒業),普通科(高等学校)(2021年3月卒業),,,普通科(高等学校)(2021年3月卒業)
普通科(高等学校)(1997年3月卒業),普通科(高等学校)(1997年3月卒業),,,普通科(高等学校)(1997年3月卒業)
普通科(高等学校)(2018年3月卒業),普通科(高等学校)(2018年3月卒業),,,普通科(高等学校)(2018年3月卒業)
社会福祉学部社会福祉学科(大学),社会福祉学部社会福祉学科(大学),,,社会福祉学部社会福祉学科(大学)
(高等学校)(2004年3月卒業),(高等学校)(2004年3月卒業),,,(高等学校)(2004年3月卒業)
普通科(高等学校)(2009年3月卒業),普通科(高等学校)(2009年3月卒業),,,普通科(高等学校)(2009年3月卒業)
家政科(高等学校)(1976年3月卒業),家政科(高等学校)(1976年3月卒業),,,家政科(高等学校)(1976年3月卒業)
普通科,普通科,,,普通科
(高等学校)(1996年3月卒業),(高等学校)(1996年3月卒業),,,(高等学校)(1996年3月卒業)
(高等学校)(1992年3月卒業),(高等学校)(1992年3月卒業),,,(高等学校)(1992年3月卒業)
(高等学校)(1998年3月卒業),(高等学校)(1998年3月卒業),,,(高等学校)(1998年3月卒業)
普通科(高等学校)(2015年3月卒業),普通科(高等学校)(2015年3月卒業),,,普通科(高等学校)(2015年3月卒業)
(高等学校)(1979年3月卒業),(高等学校)(1979年3月卒業),,,(高等学校)(1979年3月卒業)
商業科(高等学校)(1990年3月卒業),商業科(高等学校)(1990年3月卒業),,,商業科(高等学校)(1990年3月卒業)
商業科(高等学校),商業科(高等学校),,,商業科(高等学校)
(高等学校)(1990年3月卒業),(高等学校)(1990年3月卒業),,,(高等学校)(1990年3月卒業)
普通科(高等学校)(1977年3月卒業),普通科(高等学校)(1977年3月卒業),,,普通科(高等学校)(1977年3月卒業)
普通科(高等学校)(2002年3月卒業),普通科(高等学校)(2002年3月卒業),,,普通科(高等学校)(2002年3月卒業)
普通科(高等学校)(1973年3月卒業),普通科(高等学校)(1973年3月卒業),,,普通科(高等学校)(1973年3月卒業)
(高等学校)(2018年3月卒業),(高等学校)(2018年3月卒業),,,(高等学校)(2018年3月卒業)
普通科(1982年3月卒業),普通科(1982年3月卒業),,,普通科(1982年3月卒業)
普通科(高等学校)(1984年3月卒業),普通科(高等学校)(1984年3月卒業),,,普通科(高等学校)(1984年3月卒業)
普通科(高等学校)(1985年3月卒業),普通科(高等学校)(1985年3月卒業),,,普通科(高等学校)(1985年3月卒業)
(高等学校)(2011年3月卒業),(高等学校)(2011年3月卒業),,,(高等学校)(2011年3月卒業)
普通科(高等学校)(2020年3月卒業),普通科(高等学校)(2020年3月卒業),,,普通科(高等学校)(2020年3月卒業)
看護学科(専門学校),看護学科(専門学校),,,看護学科(専門学校)
普通科(高等学校)(2000年3月卒業),普通科(高等学校)(2000年3月卒業),,,普通科(高等学校)(2000年3月卒業)
(高等学校)(1987年3月卒業),(高等学校)(1987年3月卒業),,,(高等学校)(1987年3月卒業)
普通科(高等学校)(1980年3月卒業),普通科(高等学校)(1980年3月卒業),,,普通科(高等学校)(1980年3月卒業)
商業科(高等学校)(1986年3月卒業),商業科(高等学校)(1986年3月卒業),,,商業科(高等学校)(1986年3月卒業)
商業科(高等学校)(1993年3月卒業),商業科(高等学校)(1993年3月卒業),,,商業科(高等学校)(1993年3月卒業)
(専門学校)(2010年3月卒業),(専門学校)(2010年3月卒業),,,(専門学校)(2010年3月卒業)
普通科(高等学校)(2017年3月卒業),普通科(高等学校)(2017年3月卒業),,,普通科(高等学校)(2017年3月卒業)
(高等学校)(2000年3月卒業),(高等学校)(2000年3月卒業),,,(高等学校)(2000年3月卒業)
