token,count
nan,5224
(高等学校),172
(大学),45
(短期大学),41
(その他),37
普通科(高等学校),32
(専門学校),31
普通科(高等学校)(1990年3月卒業),14
普通科(高等学校)(1991年3月卒業),9
普通科(高等学校)(1983年3月卒業),9
商業科(高等学校),9
普通科(高等学校)(1988年3月卒業),8
普通科(高等学校)(2009年3月卒業),6
普通科,6
(高等学校)(1998年3月卒業),6
普通科(高等学校)(2015年3月卒業),6
(高等専門学校),5
(高等学校)(1984年3月卒業),5
普通科(高等学校)(1989年3月卒業),4
普通科(高等学校)(2013年3月卒業),4
普通科(高等学校)(1994年3月卒業),4
普通科(高等学校)(1976年3月卒業),4
普通科(高等学校)(2001年3月卒業),4
(高等学校)(1993年3月卒業),4
普通科(高等学校)(1998年3月卒業),4
普通科(高等学校)(1986年3月卒業),4
(高等学校)(2002年3月卒業),4
普通(高等学校),4
普通科(高等学校)(2021年3月卒業),4
(高等学校)(2004年3月卒業),4
(高等学校)(1979年3月卒業),4
普通科(高等学校)(2002年3月卒業),4
(高等学校)(2018年3月卒業),4
普通科(1982年3月卒業),4
普通科(高等学校)(1984年3月卒業),4
普通科(高等学校)(2000年3月卒業),4
商業科(高等学校)(1986年3月卒業),4
商業科(高等学校)(1993年3月卒業),4
普通科(高等学校)(1981年3月卒業),3
(高等学校)(2013年3月卒業),3
普通科(高等学校)(1987年3月卒業),3
普通科(高等学校)(2006年3月卒業),3
普通科(高等学校)(1996年3月卒業),3
介護福祉科(専門学校)(2000年3月卒業),3
普通科(高等学校)(1978年3月卒業),3
商業科(高等学校)(1981年3月卒業),3
(高等学校)(1986年3月卒業),3
普通科(高等学校)(2003年3月卒業),3
(専門学校)(2017年3月卒業),3
介護福祉科(専門学校)(2013年3月卒業),3
普通科(高等学校)(1997年3月卒業),3
普通科(高等学校)(2018年3月卒業),3
社会福祉学部社会福祉学科(大学),3
家政科(高等学校)(1976年3月卒業),3
(高等学校)(1996年3月卒業),3
(高等学校)(1992年3月卒業),3
商業科(高等学校)(1990年3月卒業),3
(高等学校)(1990年3月卒業),3
普通科(高等学校)(1977年3月卒業),3
普通科(高等学校)(1973年3月卒業),3
普通科(高等学校)(1985年3月卒業),3
(高等学校)(2011年3月卒業),3
普通科(高等学校)(2020年3月卒業),3
看護学科(専門学校),3
(高等学校)(1987年3月卒業),3
普通科(高等学校)(1980年3月卒業),3
(専門学校)(2010年3月卒業),3
普通科(高等学校)(2017年3月卒業),3
(高等学校)(2000年3月卒業),3
(専門学校)(1992年3月卒業),2
(大学)(1998年3月卒業),2
通信教育部社会福祉科(大学),2
経営学部経営学科金融論(大学)(1982年3月卒業),2
(高等学校)(1976年3月卒業),2
(短期大学)(1995年3月卒業),2
商業科(高等学校)(1988年3月卒業),2
(専門学校)(1997年3月卒業),2
社会福祉学科,2
経営学部経営学科(大学)(1984年3月卒業),2
(高等学校)(2016年3月卒業),2
経済学部経済学科(大学)(1988年3月卒業),2
社会福祉学部社会福祉学科(大学)(1997年3月卒業),2
(専門学校)(1990年3月卒業),2
(大学)(2003年3月卒業),2
商業科(高等学校)(1995年3月卒業),2
経済学部経済学科(大学)(1982年3月卒業),2
普通科(高等学校)(1992年3月卒業),2
(高等学校)(1997年3月卒業),2
普通科(高等学校)(2004年3月卒業),2
(高等学校)(1989年3月卒業),2
(その他)(1984年3月卒業),2
(専門学校)(1994年3月卒業),2
看護学科,2
普通科(高等学校)(1968年3月卒業),2
法学部法律学科(大学)(2004年3月卒業),2
(高等学校)(1994年3月卒業),2
商業科(1993年3月卒業),2
(1986年3月卒業),2
普通科(1986年3月卒業),2
(専門学校)(2008年3月卒業),2
(短期大学)(2000年3月卒業),2
経済学部経済学科(大学)(1998年3月卒業),2
(その他)(1989年3月卒業),2
経営学部経営学科経営(大学)(2002年3月卒業),2
経済学部経済学科アメリカ経済(大学)(1994年3月卒業),2
(高等学校)(1983年3月卒業),2
商業科(高等学校)(1983年3月卒業),2
普通科(高等学校)(1979年3月卒業),2
文学部(大学)(2014年3月卒業),2
(高等学校)(2024年3月卒業),2
(大学)(2021年3月卒業),2
商業科(高等学校)(1973年3月卒業),2
文学部(大学),2
看護学科(専門学校)(2018年3月卒業),2
(大学)(2019年3月卒業),2
商業科(高等学校)(1984年3月卒業),2
介護福祉科(専門学校)(2003年3月卒業),2
(その他)(1985年3月卒業),2
(大学院(修士)),2
(高等学校)(1995年3月卒業),2
保育科(高等学校),2
商業科(高等学校)(1978年3月卒業),2
家政科(高等学校),2
普通科(1979年3月卒業),2
社会福祉学部社会福祉学科(大学)(2016年3月卒業),2
介護福祉科(専門学校)(1999年3月卒業),2
(高等学校)(2001年3月卒業),2
(高等学校)(2009年3月卒業),2
法学部法政策学科(大学)(2013年3月卒業),2
普通科なし(高等学校)(1992年3月卒業),2
法学部(大学),2
普通科(高等学校)(2008年3月卒業),2
社会福祉学部・社会福祉学科(大学),2
(1971年3月卒業),2
普通科(高等学校)(2012年3月卒業),2
(高等学校)(2015年3月卒業),2
(高等学校)(1981年3月卒業),2
経済学部経済学科(大学)(1985年3月卒業),2
普通(高等学校)(2001年3月卒業),2
(その他)(2010年3月卒業),2
商業科(高等学校)(1989年3月卒業),2
普通(高等学校)(1996年3月卒業),2
(大学)(2012年3月卒業),2
(その他)(2016年3月卒業),2
(その他)(1970年3月卒業),2
(高等学校)(2019年3月卒業),2
普通科(1980年3月卒業),2
(その他)(1978年3月卒業),2
普通(1980年3月卒業),2
(高等学校)(1998年3月),2
普通科(高等学校)(1974年3月卒業),2
自動車工学科(高等学校)(1993年3月卒業),2
(専門学校)(1984年3月卒業),2
貿易学科(専門学校)(1982年3月卒業),2
(その他)(2002年3月卒業),2
(専門学校)(2015年3月卒業),2
普通科(高等学校)(1975年3月卒業),2
秘書科(短期大学),2
経済学部経済学科(大学)(1981年3月卒業),2
ライフクリエイト科(高等学校)(2016年4月卒業),1
農学部 農業土木学科農業土木(短期大学),1
(専門学校)(2018年3月卒業),1
普通科無し(高等学校)(1986年3月卒業),1
体育学部 健康学科(大学)(1989年3月卒業),1
法学部法律学科被害者心理学(大学)(2010年4月卒業),1
日本語通訳専攻学科日本語通訳専攻学科(高等専門学校)(2021年4月卒業),1
歯学部歯学科(大学)(2019年3月卒業),1
社会福祉学部社会福祉学科児童福祉コース(大学)(2013年3月卒業),1
経営情報学部経営情報学科(大学)(2004年3月卒業),1
CG制作学科マスコミCGクリエーター専攻(専門学校)(1999年3月卒業),1
コミュニティケア科臨床福祉課程(専門学校),1
普通科普通コース(高等学校)(1988年3月卒業),1
普通科普通(高等学校)(1999年3月卒業),1
情報処理総合システム科(専門学校)(1990年3月卒業),1
産業社会学部産業社会学科産業社会コース(大学)(1999年3月卒業),1
社会科学部社会学(大学)(1977年3月卒業),1
看護学校卒業看護学校卒業(1980年3月卒業),1
国際観光旅行学科(専門学校)(1989年3月卒業),1
(専門学校)(1972年3月卒業),1
社会学部社会学科産業社会学(大学)(1995年3月卒業),1
家政学部生活造形学科染色コース(大学)(1981年3月卒業),1
インテリアデザイン学部建築CAD専攻(専門学校)(2001年3月卒業),1
看護科・看護専攻科(高等専門学校)(2014年3月卒業),1
法政経学部 法政経学科(大学)(2012年3月卒業),1
介護科(高等専門学校)(2005年3月卒業),1
経済学部経営学科会計(大学)(1993年3月卒業),1
経理科(専門学校)(2000年3月卒業),1
国文科(短期大学)(1987年3月卒業),1
社会福祉学部社会福祉学科社会福祉(大学)(2009年3月卒業),1
経済学部(大学)(1981年3月),1
福祉介護(高等学校)(1997年3月卒業),1
家政学科生活科学専攻(短期大学)(1987年3月卒業),1
音楽学部 器楽科バイオリン専攻(大学)(1982年3月卒業),1
文学部宗教学科(大学)(1987年3月卒業),1
音楽学部指揮科(大学)(1976年4月中退),1
機械科(高等学校)(1980年3月),1
普通(高等学校)(1968年3月卒業),1
普通科一般課程(高等学校)(2002年3月卒業),1
産業社会学部産業社会学科人間文化コース(大学)(1994年3月卒業),1
(高等学校)(1972年3月卒業),1
福祉部介護科(専門学校)(2000年3月卒業),1
システム演芸科(高等学校)(2003年3月卒業),1
商業科(高等学校)(1991年3月卒業),1
介護福祉科(専門学校)(2001年3月卒業),1
(高等学校)(1992年2月卒業),1
商学部経営学科(大学)(1996年3月卒業),1
社会福祉科(専門学校)(2002年3月卒業),1
理学療法学部理学療法学科(専門学校)(2012年4月卒業),1
普通科学校が勉強として少林寺拳をする(高等学校)(1994年3月卒業),1
インテリアデザイン学科インテリアデザイン(専門学校)(1991年3月中退),1
保育科(高等学校)(1987年3月卒業),1
工学部土木工学科 生活科学部計画研究室 人間工学(大学)(1991年3月卒業),1
介護福祉科(専門学校)(2004年3月),1
パフォーミングアーツカレッジ声優専攻(専門学校)(2013年3月卒業),1
商学部 管理科学科(大学)(1994年3月卒業),1
経済学部産業教育学科(大学)(2001年3月卒業),1
児童教育学科初等教育学専攻(短期大学)(1982年3月卒業),1
文学部中国学科なし(大学)(2009年3月卒業),1
普通(高等学校)(2016年3月卒業),1
保育科(高等学校)(1996年2月中退),1
看護学科無し(短期大学)(1998年3月卒業),1
経済学部・会計情報学科なし(大学)(2022年3月中退),1
食物栄養科食物栄養科(短期大学)(1985年3月卒業),1
社会福祉学部社会福祉学科(2013年3月卒業),1
看護学科看護過程(専門学校)(2010年3月卒業),1
短期大学部社会福祉学科(短期大学)(2019年3月卒業),1
福祉福祉(専門学校)(2003年3月卒業),1
法学部(大学)(1983年4月卒業),1
総合ビジネス普通科(専門学校)(1995年3月卒業),1
看護科看護(専門学校)(1989年3月卒業),1
社会福祉学部 社会福祉学科(大学)(2021年3月卒業),1
生命環境学部アニマルサイエンス学科(大学)(2020年3月卒業),1
国際英語学部(大学)(2010年3月卒業),1
文学部 中国学科(大学)(2013年3月卒業),1
准看護科(その他)(2019年3月卒業),1
普通(高等学校)(1983年3月卒業),1
商業科商業科(高等学校)(1980年3月卒業),1
普通科情報専攻(高等学校)(2011年3月卒業),1
文学部東洋史学専攻(大学)(2017年4月卒業),1
文学研究科文化史学専攻(大学院(修士))(2019年3月卒業),1
人間科学部社会福祉学科(大学)(2007年3月卒業),1
外国語学部英米語学科英語(大学)(2017年3月卒業),1
医療福祉科医療介護保険事務コース(専門学校)(2004年3月卒業),1
社会体育(専門学校)(1997年3月卒業),1
法学部・法律学科(1994年3月卒業),1
人文学部(大学)(2000年3月卒業),1
機関科なし(高等学校)(2000年3月卒業),1
普通科なし(高等学校)(1997年3月卒業),1
(専門学校)(1993年7月中退),1
Allied Health ScienceNursing(大学)(2017年12月卒業),1
法学部法律学科(大学)(1971年3月卒業),1
英米語学科国際ボランティアコース(専門学校)(2010年3月卒業),1
普通科(その他)(1999年6月中退),1
鍼灸科(専門学校),1
社会福祉科(通信)(専門学校),1
医療福祉科福祉科(高等専門学校)(1997年3月卒業),1
生物工学遺伝子工学(専門学校)(1989年3月卒業),1
家政科(短期大学),1
造形芸術学科ビジュアルデザインコース(短期大学)(1981年3月卒業),1
文理学部英文科文学専攻(大学)(2019年3月卒業),1
社会福祉学部 社会福祉学科社会福祉(大学)(2024年9月卒業),1
保育学科(短期大学),1
普通(高等学校)(1994年3月卒業),1
経営情報学研究科 博士後期課程流通マーケティング(大学院(博士))(2002年3月卒業),1
経営学部経営学科(1973年3月卒業),1
仏教科(短期大学)(1998年3月中退),1
電気科(高等学校)(2007年3月卒業),1
介護福祉科(高等学校)(2015年3月卒業),1
介護福祉学科(専門学校)(2005年3月卒業),1
医用工学部・医用情報工学科(大学)(2020年3月卒業),1
アドバンスコース(高等学校)(2023年3月卒業),1
ウェディングプランナー科(専門学校)(2022年3月卒業),1
教育学部第二部・小学校教員養成五年課程(大学)(2005年3月卒業),1
情報電子科ー(高等学校)(2003年3月卒業),1
文学部文化歴史学科日本史学専攻(大学)(2003年3月卒業),1
家庭生活学科食物栄養科(短期大学)(1987年3月卒業),1
保健科(短期大学)(1999年3月卒業),1
(高等学校)(2016年6月),1
経営学部国際経営(大学)(2002年3月卒業),1
商経学部・経営学科管理会計論(大学)(1995年3月卒業),1
芸術学部日本画専攻(大学)(1977年3月卒業),1
普通科なし(高等学校)(1989年3月卒業),1
歯科衛生士学科歯科衛生士専攻(専門学校)(1977年3月卒業),1
社会福祉学部・社会福祉学科(大学)(2024年3月卒業),1
芸術学部 映画学科(大学)(2011年3月卒業),1
英語科,1
機械工学科(高等専門学校)(1966年3月卒業),1
文学部日本語日本文学,1
法学部法律学科労働法(大学)(1981年3月卒業),1
介護福祉学科介護(専門学校)(2005年3月卒業),1
公務員学科法律(専門学校)(2020年3月卒業),1
編集デザイン学科(専門学校)(1997年3月卒業),1
幼児教育学科(短期大学)(2024年3月卒業),1
文学部社会学科産業関係学専攻(大学)(1979年3月卒業),1
普通科第III類体育学科体育学科(高等学校)(1990年3月卒業),1
法学部法律学科刑法(大学)(2001年3月卒業),1
普通科なし(高等学校)(1983年3月卒業),1
美容科美容(専門学校)(2001年3月卒業),1
電子工学科(専門学校)(1990年4月卒業),1
鍼灸学部鍼灸学科アスレチックトレーナーコース(大学)(2009年3月卒業),1
経済学部 経済学科経済(大学)(1991年3月卒業),1
デザイン美術科絵画(短期大学)(1978年3月卒業),1
(高等専門学校)(1984年3月卒業),1
文理学部体育学科(大学)(1969年7月中退),1
介護福祉科なし(高等学校)(2014年3月卒業),1
バイオ環境学部・バイオ環境デザイン学科(大学)(2016年3月卒業),1
栄養学科栄養士(専門学校)(2008年3月卒業),1
インテリアデザインデザイン(短期大学)(1997年3月卒業),1
社会福祉学部・社会福祉学科(大学)(2017年3月卒業),1
法学部法律学科法律(大学)(2002年3月卒業),1
文学部人文情報学科(大学)(2006年3月卒業),1
食物科(短期大学)(1980年3月卒業),1
介護福祉科(専門学校)(2005年9月卒業),1
社会福祉学科介護福祉専攻(専門学校)(2004年3月卒業),1
文学部英米文学科(大学)(1989年3月卒業),1
(その他)(1998年3月卒業),1
家政科被服科(高等学校)(1988年3月卒業),1
経済学部・経済学科(大学)(2011年3月卒業),1
(専門学校)(2008年3月),1
福祉学科介護福祉コース(その他)(2014年3月卒業),1
社会学部 応用社会学科応用社会学(大学)(2001年3月卒業),1
社会学部 社会学科産業心理学専攻(大学)(1996年3月卒業),1
英米語学科英米語(大学)(1982年3月卒業),1
幼児教育学科(短期大学),1
社会学部(大学)(1997年3月卒業),1
家政科(高等学校)(1987年3月卒業),1
生活学科生活学部(短期大学)(2001年3月卒業),1
普通科普通学科(その他)(1975年3月卒業),1
看護専攻科(高等学校)(1985年4月中退),1
普通科スポーツ(高等学校)(1997年3月卒業),1
スポーツ科学科スポーツデザイン(専門学校)(1997年3月卒業),1
被服科(高等学校)(1997年3月卒業),1
(短期大学)(2001年3月卒業),1
介護福祉科(高等学校)(2018年3月卒業),1
社会福祉学部社会福祉学科(大学)(2012年3月卒業),1
(大学院(博士))(1992年3月卒業),1
現代文化学部現代福祉学科(大学)(2006年3月卒業),1
園芸科(高等学校)(1990年3月卒業),1
製菓コース(専門学校)(2006年3月卒業),1
看護学科(専門学校)(2020年3月卒業),1
ファッションビジネス(専門学校)(1993年3月卒業),1
商業科なし(高等学校)(2001年3月卒業),1
精神保健福祉通信教育課程精神保健福祉(専門学校)(2018年9月卒業),1
生活科学科(短期大学)(2003年3月卒業),1
扇町高等学校人文学科(高等学校)(2004年3月卒業),1
美容科(専門学校)(2017年3月卒業),1
経理(専門学校)(1998年3月卒業),1
農業科(高等専門学校)(2013年3月卒業),1
家政科(高等学校)(1973年3月卒業),1
介護福祉科(専門学校)(2005年3月卒業),1
心理学部心理学科社会心理学(大学)(2016年3月卒業),1
心理・福祉学部社会福祉学科(大学)(2020年10月中退),1
教育学部小学校教員課程美術科(大学)(1994年3月卒業),1
社会学部社会福祉学科児童福祉(大学)(1998年3月卒業),1
デザイン美術科ヴィジュアルデザイン科(短期大学)(1999年3月卒業),1
保健科歯科衛生士コース(短期大学)(1975年3月卒業),1
II部文学部哲学思想(大学)(1988年3月卒業),1
看護看護(専門学校)(2010年3月中退),1
仏教学部福祉専攻(短期大学)(2008年3月卒業),1
(専門学校)(1991年3月卒業),1
電気情報科情報(高等学校)(1985年3月卒業),1
(専門学校)(2014年2月卒業),1
(高等専門学校)(1986年3月卒業),1
(高等学校)(2008年3月卒業),1
(短期大学)(1999年3月卒業),1
地域こども学科こども保育コース(短期大学)(2025年3月卒業),1
教育福祉学部スポーツ教育学科(大学)(2019年3月卒業),1
学校教育研究科臨床心理学コース(大学院(修士))(2021年3月卒業),1
普通科なし(高等学校)(1982年3月卒業),1
工学部土木工学科(大学)(1983年3月卒業),1
(専門学校)(1997年3月中退),1
経済学科経済学部(1974年3月卒業),1
社会福祉科社会福祉(専門学校)(2011年3月卒業),1
管理工学部経営工学(大学)(1992年3月卒業),1
人文学部総合人文学科(大学)(2013年3月卒業),1
理学療法学科理学療法(専門学校)(1997年3月卒業),1
公共政策学部福祉社会学科(大学)(2012年3月卒業),1
介護福祉科介護福祉士(専門学校)(2009年3月卒業),1
(2004年3月卒業),1
理工学系研究科機械電子制御工学専攻(大学院(修士))(2016年3月卒業),1
社会学部社会学科(1984年4月卒業),1
生活福祉科介護福祉専攻(短期大学)(2005年2月卒業),1
総合ビジネス科(高等学校)(2006年3月卒業),1
美容科美容課程(専門学校)(1998年9月卒業),1
医科学老年期精神機能病態学(大学院(博士))(2030年3月卒業見込み),1
福祉メディカル科福祉(専門学校)(2016年3月卒業),1
建築学科建築学科(高等専門学校)(1985年3月卒業),1
社会学部(大学)(2003年3月卒業),1
教養学部教養学科英米語(大学)(1996年3月卒業),1
総合学科(高等学校)(2013年3月卒業),1
社会福祉士通信課程社会福祉士(短期大学)(2021年1月卒業),1
家政科食物栄養(短期大学)(1990年3月卒業),1
流通経済科(高等学校)(1989年3月卒業),1
国際交流学部英語(高等学校)(1991年3月卒業),1
商学科(大学),1
普通(高等学校)(1997年3月卒業),1
福祉科(専門学校)(1998年3月卒業),1
文学部日本史(大学)(1985年3月卒業),1
第二看護学科(短期大学)(1982年3月),1
健康福祉学部福祉マネージメントコース(大学)(2011年3月卒業),1
家政学科生活文化専攻(短期大学)(1998年3月卒業),1
嵯峨美術短期大学造形芸術科立体造形(大学)(1983年3月卒業),1
法律(専門学校)(2000年3月卒業),1
(大学)(1993年3月卒業),1
普通(高等学校)(1992年3月卒業),1
旅行学科(専門学校)(1996年3月卒業),1
准看護師(高等学校)(1971年3月卒業),1
外国語学部イスパニア学科(大学)(1989年3月卒業),1
看護(専門学校)(2023年3月卒業),1
社会学部社会学科(大学)(2015年3月卒業),1
英語国際学部 英語国際学科(大学)(2020年3月卒業),1
工学部環境工学(大学)(1975年6月卒業),1
社会福祉学部社会福祉学科社会福祉(大学)(2014年3月卒業),1
経済学部経済学科(大学)(2008年3月卒業),1
福祉総合科(高等学校)(2023年3月卒業),1
児童教育学科(短期大学)(1995年3月卒業),1
ファッションビジネス学科ファッションビジネス(専門学校)(1992年2月卒業),1
オフィス情報科(高等学校)(2002年3月卒業),1
社会福祉主事科社会福祉主事(専門学校)(1994年3月卒業),1
商業科(高等学校)(1987年11月中退),1
体育コース(高等学校)(2015年3月卒業),1
第2看護学科(専門学校)(2023年3月卒業),1
介護福祉士学科(短期大学)(2014年3月卒業),1
ファッションデザイン基礎コースファッションデザイン(専門学校)(1987年3月卒業),1
鍼灸師学科(専門学校)(2017年3月卒業),1
美容(専門学校)(2011年10月卒業),1
社会福祉士学科(専門学校)(2020年2月卒業),1
(短期大学)(1987年3月卒業),1
外国語学部フランス語学科フランス語(大学)(2019年3月卒業),1
普通科普通科(高等学校)(1985年3月卒業),1
社会福祉士学部社会福祉士学科(大学)(1998年3月卒業),1
国際関係学部 国際関係学科国際経済(大学)(2013年3月卒業),1
理学療法科夜間部(専門学校)(2019年3月卒業),1
介護福祉科(その他)(1998年3月卒業),1
芸術学部文芸学科日本文学(大学)(2005年3月卒業),1
(高等学校)(2010年5月卒業),1
高等課程准看護師科(その他)(2008年3月卒業),1
普通科なし(高等学校)(1993年3月卒業),1
社会学部社会心理学科(大学)(2010年3月卒業),1
製造科(高等学校)(1991年3月卒業),1
人間学部臨床心理学科(大学)(2000年3月卒業),1
情報処理学課(専門学校)(1987年3月卒業),1
福祉科(高等学校)(2011年3月卒業),1
社会福祉学部社会福祉学科高齢者福祉、地域福祉(大学)(2022年3月卒業),1
国際福祉学科(短期大学)(2006年3月卒業),1
(専門学校)(1996年3月卒業),1
商業科(高等学校)(2015年3月卒業),1
商業科なし(高等学校)(2015年3月卒業),1
(その他)(1979年4月卒業),1
園芸ビジネス科(高等学校)(2017年3月卒業),1
介護福祉学科(専門学校)(2017年3月卒業),1
社会福祉学部臨床福祉学科社会福祉学(大学)(2022年3月卒業),1
看護科(専門学校)(2008年3月),1
総合学科(高等学校)(2011年3月卒業),1
(高等学校)(2010年3月卒業),1
経済学部経営学科(大学)(1985年3月卒業),1
プロダクション科服飾、デザイン(専門学校),1
商業科商業科(高等学校)(1977年3月卒業),1
看護科(高等専門学校)(2007年9月中退),1
介護介護(専門学校)(2005年3月卒業),1
家政科なし(高等学校)(1991年3月卒業),1
看護学科(専門学校)(2021年3月卒業),1
生活科(高等学校)(1996年3月卒業),1
(高等学校)(2023年3月卒業),1
理学部化学(大学)(1996年3月卒業),1
生活福祉文化学部生活福祉文化学科ソーシャルワーク領域主専攻(大学)(2013年9月卒業),1
文学部英文科(大学)(1976年3月卒業),1
普通科普通科(高等学校)(1996年3月卒業),1
生活未来科生活福祉コース(短期大学)(2024年3月卒業),1
機械科(高等専門学校)(1986年3月卒業),1
衛生事業管理(大学)(2004年7月卒業),1
商業化(高等学校)(2018年3月卒業),1
(短期大学)(1998年3月卒業),1
初等教育学科(短期大学)(1983年3月卒業),1
現代人間学部生活環境学科(2029年3月卒業見込み),1
ビューティアート学科(短期大学),1
大学院連合教職実践研究科学校経営力高度化コース(大学院(修士))(2022年3月卒業),1
総合学科 福祉系列(高等学校)(2014年3月卒業),1
医療福祉学部医療福祉学科(大学)(2013年3月卒業),1
文学部哲学科と経済学部経済学科通信課程経済学専攻、哲学専攻(高等学校),1
社会福祉学科社会福祉(専門学校)(1978年3月卒業),1
商学部会計学科会計学(大学)(2004年2月卒業),1
介護福祉(専門学校)(2021年3月卒業),1
健康福祉コース福祉コース(高等学校)(2011年3月卒業),1
看護学科三年課程(専門学校)(2020年3月中退),1
経営経営(大学)(1999年3月卒業),1
医療秘書科(専門学校),1
仏教福祉学科(大学)(2001年3月卒業),1
(大学)(1993年3月),1
産業理工学部(旧 九州工学部)生物環境科学科(大学)(1990年3月卒業),1
看護学部看護(専門学校)(2008年3月卒業),1
普通科普通科(高等学校)(1971年3月卒業),1
幼児教育保育学科生活福祉専攻(短期大学)(2024年3月卒業),1
英米語秘書科(短期大学)(1994年3月卒業),1
社会福祉学部臨床福祉心理学科(大学)(2015年3月卒業),1
コンピューター科コンピューター科(専門学校)(1992年3月卒業),1
看護保健学科(専門学校)(2023年3月卒業),1
家政科家政専攻(短期大学)(1984年3月卒業),1
文学部国文学(大学)(2000年3月卒業),1
(1984年3月卒業),1
普通(高等学校)(1989年3月),1
児童教育学科初等教育(短期大学)(1994年3月卒業),1
医療秘書(専門学校)(2011年3月卒業),1
商業実務専門課程 ホテル学科(専門学校)(2012年3月卒業),1
文学部,1
人間健康学科(短期大学)(2012年3月卒業),1
美容師(専門学校),1
教育学研究科英語教育(大学院(修士))(2016年3月卒業),1
普通科(高等学校)(1967年3月卒業),1
普通科なし(高等学校)(1991年4月卒業),1
ペットビジネス学科トリマー(専門学校)(2021年3月卒業),1
情報技術科(短期大学)(2000年3月卒業),1
介護福祉学科介護(高等学校)(2029年3月卒業見込み),1
初等教育学科(短期大学),1
農学部バイオサイエンス学科(大学)(2010年3月卒業),1
商業科(高等学校)(1985年3月卒業),1
ホテル・ブライダル学科ホテルコース(専門学校)(2010年3月卒業),1
(専門学校)(1982年3月卒業),1
演奏学科ピアノ科(大学)(1981年3月卒業),1
社会福祉学部、社会福祉学科(大学)(2011年3月卒業),1
衛生専門課程栄養科(専門学校)(2000年3月卒業),1
福祉科介護(高等専門学校)(1998年3月卒業),1
文学部国文学科(大学)(1996年3月卒業),1
介護福祉士介護福祉士(専門学校)(2024年3月卒業),1
法経科経商コース(短期大学)(2024年3月卒業見込み),1
法学部法律学科(大学)(1993年3月),1
(専門学校)(2006年3月卒業),1
社会福祉学部社会福祉(短期大学)(1996年3月卒業),1
(大学)(2008年2月卒業),1
水産学部(大学)(1979年3月),1
食物栄養科栄養士コース(短期大学)(1989年3月卒業),1
介護(高等専門学校)(2021年4月卒業),1
英語・英語圏文化専攻(短期大学),1
文学部英文学科(大学)(1991年3月卒業),1
経済学部経済学科(大学)(2006年3月卒業),1
保育科(専門学校)(1993年3月卒業),1
ビューティメイク科(専門学校)(2004年3月卒業),1
トレース高等技術科トレース(専門学校)(1985年3月卒業),1
総合学科(高等学校)(2021年3月卒業),1
普通(高等学校)(1982年3月卒業),1
医事課(専門学校)(1988年2月卒業),1
音楽学部ピアノ専攻(大学)(1977年3月卒業),1
教育学部発達障害教育専攻(大学)(2021年3月卒業),1
文学部哲学(大学)(2003年3月卒業),1
生活学科(短期大学)(2020年3月卒業),1
建築科(専門学校)(1988年3月卒業),1
Life Science Endocrinology (大学院(修士))(2019年8月卒業),1
社会学部社会学(大学)(1985年3月卒業),1
(大学)(2015年3月),1
被服科・普通科被服(高等専門学校)(1995年3月卒業),1
スポーツ科学科スポーツメディカル(専門学校)(2016年4月卒業),1
介護福祉科高齢福祉(専門学校)(1999年3月卒業),1
家政学部生活福祉学科介護(大学),1
美術美術デザイン(高等専門学校)(1990年3月卒業),1
臨床検査技師専門課程臨床検査(専門学校)(1987年3月卒業),1
総合科総合科(高等学校)(2002年3月卒業),1
経済(短期大学)(1995年3月卒業),1
化学工学科化学工学科(高等学校)(1974年3月卒業),1
社会学部社会福祉学科(大学)(1988年3月卒業),1
看護科看護(専門学校)(2002年3月卒業),1
福祉(専門学校)(2020年3月卒業),1
現代家政学部現代家政学科児童学コース(大学)(2015年3月卒業),1
(高等学校)(1966年3月卒業),1
デジタル造形学科生活デザイン専攻(短期大学)(2002年3月卒業),1
(高等専門学校)(2000年3月卒業),1
体育学部社会体育学科(大学)(2006年3月卒業),1
健康科学部健康栄養学科(大学)(2016年3月卒業),1
社会学部地域福祉学科(大学)(2009年3月卒業),1
国際コミュニケーション学部(大学)(2001年3月卒業),1
(専門学校)(2002年3月卒業),1
(専門学校)(2021年3月卒業),1
家政科食物栄養専攻食文化コース(短期大学)(1988年3月卒業),1
高卒認定予備校(2015年3月卒業),1
児童教育学科幼児教育専攻(短期大学)(1977年3月卒業),1
コンピュータ学科(専門学校)(1997年3月卒業),1
福祉課福祉(高等学校),1
介護福祉(専門学校)(2012年3月卒業),1
ライフデザイン学科(短期大学)(2018年3月卒業),1
(専門学校)(1980年3月),1
農業(専門学校)(2021年7月卒業),1
情報処理科(高等専門学校)(2009年3月卒業),1
介護福祉別科(2024年3月卒業),1
看護学部看護学科,1
(大学)(2022年3月卒業),1
法律社会学科(専門学校)(2010年3月卒業),1
介護福祉士科(専門学校)(2015年3月卒業),1
人間総合学科幼児保育(短期大学)(2008年3月卒業),1
(高等学校)(1974年3月卒業),1
衛生士科衛生士科(専門学校)(1998年3月卒業),1
文学部仏教学科(1998年3月卒業),1
普通科無し(その他)(1968年3月卒業),1
幼児教育学科(短期大学)(1983年3月卒業),1
医療福祉科在宅(専門学校),1
社会福祉学科社会福祉(大学),1
園芸科(高等学校)(2001年3月卒業),1
(専門学校)(2013年3月卒業),1
文学部日本史(大学)(1988年3月卒業),1
福祉学科介護福祉コース(高等学校)(2016年3月卒業),1
(高等専門学校)(1982年3月卒業),1
社会福祉学部社会福祉学科(2028年4月卒業見込み),1
保育科(専門学校)(2021年3月卒業),1
理工学部社会環境工学科(大学)(2006年3月卒業),1
総合学科福祉科(高等学校)(2020年3月卒業),1
法学部 法律学科公共政策専修(大学)(2013年3月卒業),1
電子科(高等学校)(1985年3月卒業),1
生活デザインコース生活デザインコース(短期大学)(1996年3月卒業),1
保育科(高等学校)(1990年3月卒業),1
建築設計科(専門学校)(1989年3月卒業),1
ビジネス学科ホテル総合(専門学校)(2022年3月卒業),1
普通科なし(高等学校)(1984年3月卒業),1
生活創造科(高等学校)(2009年3月卒業),1
看護学科看護学(専門学校)(2007年3月卒業),1
普通普通(高等学校)(1969年3月卒業),1
(専門学校)(2003年3月卒業),1
文学部史学科(大学)(2002年9月卒業),1
体育進学科(高等学校)(2008年3月卒業),1
経済学部現代経済学科(大学)(2014年3月卒業),1
文系(高等学校)(2015年3月卒業),1
洋裁科(高等学校)(1982年3月卒業),1
人間福祉学研究科修士課程(大学院(修士))(2009年3月卒業),1
美術学部デザイン学科テキスタイルデザイン専攻(大学)(1997年3月卒業),1
法政経学部法政経学科(大学)(2008年3月中退),1
学芸学部 情報メディア学科メディアアート(大学)(2014年3月卒業),1
総合社会学科総合社会学(大学)(2025年3月卒業),1
家政学部被服科(短期大学)(1983年3月卒業),1
食物栄養学科(短期大学)(2022年3月卒業),1
福祉科(高等専門学校)(1995年4月卒業),1
生活造形科(短期大学)(1998年3月卒業),1
医療事務科(高等学校)(1982年3月卒業),1
国際文化学科国際文化(短期大学)(1998年3月卒業),1
普通科普通科(その他)(2002年8月中退),1
家政高等科(高等学校)(1988年3月卒業),1
臨床工学技士科(専門学校)(2017年7月中退),1
国際学部・国際文化学科(大学)(2005年3月卒業),1
美容科(専門学校)(2019年3月卒業),1
(1995年3月卒業),1
人文学部・歴史文化学科(大学)(2025年4月中退),1
電気工学科コンピュータ工学(1977年3月卒業),1
工学部電気工学科電気工学(大学)(1992年3月卒業),1
文学部国文学科(大学)(1999年3月卒業),1
生活科学学科食物栄養専攻(短期大学)(2013年3月卒業),1
情報デザイン学科(大学)(2012年3月卒業),1
家政科,1
美容科美容師(専門学校)(2011年3月卒業),1
福祉介護福祉科(専門学校)(2004年3月卒業),1
地域こども学科(短期大学)(2017年3月卒業),1
なしなし(その他)(1984年3月卒業),1
保育科,1
普通科書道(高等学校)(1986年2月卒業),1
普通(高等学校)(1987年3月卒業),1
通信普通(高等学校)(2001年3月卒業),1
生活科学食文科(短期大学)(1997年3月卒業),1
(高等学校)(2020年4月卒業),1
芸術学部・芸術学科マンガ・デジタルアートコース(大学)(2021年3月卒業),1
児童教育学科(短期大学)(2011年3月卒業),1
文学部仏教学科(1999年9月卒業),1
普通科無し(高等学校)(1985年3月卒業),1
経営学部(大学)(1990年3月卒業),1
秘書科(短期大学)(1989年3月卒業),1
コミュニケーション学科(短期大学),1
社会学部社会福祉学科(大学)(2021年9月卒業),1
ホテル学科(専門学校)(1995年3月卒業),1
医療秘書OA(専門学校)(1984年3月卒業),1
(高等学校)(1982年2月卒業),1
理学療法学科理学療法(専門学校)(1978年3月卒業),1
人文学部英語英米文化学科(その他)(2000年10月中退),1
社会福祉科(専門学校)(2012年3月卒業),1
文科英語専攻(短期大学)(1978年3月卒業),1
工学部金属工学科金属材料(1979年4月),1
園芸ビジネス科(高等学校)(1998年3月卒業),1
(その他)(1994年4月卒業),1
普通科学校が勉強として少林寺拳をする(高等学校)(1999年3月卒業),1
機関学科(高等専門学校)(1988年9月卒業),1
文学部文学科(大学)(2003年3月卒業),1
(高等学校)(2022年3月卒業),1
(1982年3月卒業),1
介護福祉士科なし(専門学校)(2023年3月卒業),1
商業科(高等学校)(1999年3月),1
セラミック科(高等学校)(1995年3月卒業),1
文学部 社会学科 社会福祉学コース(大学)(2020年3月卒業),1
文学部国文学科(大学)(1982年3月卒業),1
被服科(高等学校),1
文学部(高等学校)(2011年3月卒業),1
食品化学科(高等学校)(1991年3月卒業),1
社会福祉学部(大学)(2014年3月卒業),1
普通通信教育科(高等学校)(1997年3月卒業),1
プロミュージシャン学科(専門学校)(2014年4月卒業),1
福祉課(高等学校)(2005年3月卒業),1
家政科なし(高等学校)(1975年3月卒業),1
企画経営科(高等学校)(2018年3月卒業),1
社会福祉学科児童福祉コース(短期大学)(2011年3月卒業),1
典薬コース(専門学校)(2016年3月卒業),1
(高等学校)(1993年4月卒業),1
服飾学科(短期大学)(1985年3月卒業),1
社会福祉学部福祉心理学科(大学)(2006年3月卒業),1
普通科(高等学校)(1984年3月),1
医療心理科心理学部(高等専門学校)(2017年3月卒業),1
工学部(大学),1
教育学部特設書道(大学),1
福祉科介護福祉士(高等学校)(2003年3月卒業),1
短期大学部社会福祉学科介護福祉専攻科(短期大学)(1997年3月卒業),1
福祉科(高等専門学校)(2006年3月卒業),1
総合学科スポーツ進学クラス(高等学校)(2023年3月卒業),1
人文科学コース(高等学校)(2013年3月卒業),1
情報処理科(在学当時の名称)(1997年3月卒業),1
作業療法士学科作業療法士学科(専門学校)(2028年3月卒業見込み),1
(高等学校)(2021年3月卒業),1
(専門学校)(2024年3月卒業),1
保育保育(2010年3月卒業),1
社会福祉(大学)(2019年3月卒業),1
総合学科(高等学校)(2014年3月卒業),1
写真学科一年フォトデザイン専攻(専門学校)(1997年3月卒業),1
工学部 電子機械工学科(大学)(1992年5月中退),1
情報処理技術科(専門学校),1
経営学部経営学科(大学),1
スポーツ学部 生涯スポーツ学科スポーツ(大学)(2017年3月卒業),1
国際文化学部国際文化学科比較文化専攻(大学)(2000年3月卒業),1
経済学部・経済学科(大学)(2017年3月卒業),1
美容師(1994年3月卒業),1
機械工学機械(専門学校)(1998年10月卒業),1
普通科無し(高等学校)(1982年3月卒業),1
経済学部経済学科(大学)(2025年3月卒業),1
文学研究科臨床心理学(大学院(修士))(2017年3月卒業),1
法文学部 法学科(1978年3月卒業),1
臨床心理学部臨床心理学科(大学)(2020年3月卒業),1
短期大学部・食物栄養科栄養士(短期大学)(1991年3月卒業),1
国語国文学科国文学(大学)(1996年3月卒業),1
衛生看護科(高等学校)(2014年3月卒業),1
(高等学校)(2019年4月中退),1
(高等学校)(2017年3月卒業),1
普通科(1990年3月卒業),1
(大学)(2000年3月卒業),1
家政学科被服専攻(短期大学)(1985年3月卒業),1
社会福祉学部社会福祉学科社会福祉(大学),1
人間環境科なし(高等学校)(2018年3月卒業),1
文学部哲学科宗教学(大学)(1998年3月卒業),1
准看護科看護学(その他)(2017年3月卒業),1
社会福祉学部 社会福祉学科社会福祉(大学)(2009年3月卒業),1
工業技術科(高等学校)(2013年3月卒業),1
看護科(専門学校)(1992年3月卒業),1
工学部機械工学(大学)(2000年3月中退),1
商業科(その他)(1981年3月卒業),1
看護学科看護学科(高等学校)(2017年3月卒業),1
保育(専門学校),1
スポーツ健康科学部スポーツ健康科学科スポーツ栄養学(大学)(2022年3月卒業),1
社会福祉学科児童福祉専攻(短期大学)(1989年3月卒業),1
看護学科学校法人神村学園高等部看護学科専門課程(高等専門学校)(2016年3月卒業),1
米英語学科(短期大学)(1992年3月卒業),1
商学部経営学科(大学)(1988年3月卒業),1
普通科普通科(高等学校)(2001年3月卒業),1
フレンチ専攻(専門学校)(2016年3月卒業),1
社会福祉学部社会福祉学科(大学)(2015年3月卒業),1
普通科(高等学校)(1982年3月卒業),1
文学部史学科西洋史専攻入学(大学)(1981年3月卒業),1
被服科洋裁(高等学校)(1987年3月卒業),1
(1980年7月中退),1
普通科なし(高等学校)(2024年3月卒業),1
情報処理コース(高等学校)(1993年3月卒業),1
児童教育学科(1981年3月卒業),1
経済学部経済学科日本経済思想史(大学)(1997年3月卒業),1
教養科(短期大学)(2001年3月卒業),1
看護通信教育科(専門学校)(2018年3月卒業),1
工学部有機材料工学科(大学)(1974年3月卒業),1
生活科学科食物栄養学(短期大学)(1982年3月卒業),1
中文(高等学校)(2001年7月卒業),1
保育(専門学校)(2000年3月卒業),1
経営学部経営学科経営学(大学)(1990年3月卒業),1
文学部人間福祉学科(現在廃科)社会福祉士養成(大学)(2004年3月卒業),1
経営学部(大学)(2013年3月卒業),1
法学部法律学科(大学)(1978年3月卒業),1
看護科看護師(専門学校)(2010年3月卒業),1
声優科声優(高等専門学校)(1999年3月卒業),1
法学部法律学科(1994年3月卒業),1
普通科普通学科(高等学校)(1988年3月卒業),1
経済学部国際金融(大学)(1992年3月卒業),1
社会福祉科社会福祉士(2007年2月卒業),1
デザイン陶芸(短期大学)(1981年9月中退),1
児童教育学科幼児教育専攻(短期大学)(1991年3月卒業),1
(高等学校)(1988年3月卒業),1
繊維科(高等学校),1
仏教福祉(短期大学)(1989年3月卒業),1
(専門学校)(1983年4月卒業),1
文学部史学地理学科地理・環境専攻(大学)(2014年3月卒業),1
総合政策学部国際政策学科(大学)(2013年3月卒業),1
社会学部地域福祉学科(大学)(2005年3月卒業),1
通信科(専門学校)(2003年3月卒業),1
家政科服飾芸術(短期大学)(1996年3月卒業),1
短期大学部社会福祉士学部なし(短期大学)(2019年3月卒業),1
看護学科(専門学校)(2017年3月卒業),1
短期大学部社会福祉学科(短期大学)(2005年3月卒業),1
美術(専門学校)(2008年3月卒業),1
商業科(1995年3月卒業),1
法学研究科法学専攻(大学院(修士)),1
健康科学部 心理学科 通信教育課程(大学)(2024年3月卒業),1
英文科(短期大学)(1968年3月卒業),1
ファッションビジネス科なし(高等専門学校)(1997年3月卒業),1
人間福祉学科福祉科(大学)(2004年3月卒業),1
経理科(高等学校)(1993年3月卒業),1
商学部経営学科経営(大学)(1981年3月卒業),1
(高等学校)(2005年1月中退),1
外国語学科 英語,1
服飾科(高等学校),1
文学部教育学科初等教育専攻(大学)(1979年3月卒業),1
(大学院(博士))(2011年3月),1
服飾服飾(専門学校)(1989年3月卒業),1
教養学部(大学),1
家政科(その他)(1987年3月卒業),1
文学部心理学科心理学(大学)(2007年3月卒業),1
看護学科(2015年3月卒業),1
法学部法律学科(1995年3月卒業),1
経済学部経済学科経済学(大学)(2007年3月卒業),1
国際福祉(短期大学)(2005年3月卒業),1
環境人間学部(大学)(2007年3月卒業),1
経営学部(大学)(1978年3月卒業),1
調理科調理師(専門学校)(1988年3月卒業),1
幼児教育学部幼児教育(大学)(1985年4月卒業),1
介護福祉科専修コース(専門学校)(2002年3月卒業),1
スポーツ科アスレティックトレーナー専攻(専門学校)(2009年3月卒業),1
社会福祉学部社会福祉学科(大学)(2022年3月卒業),1
商経学部経営学科(大学)(2001年3月卒業),1
商経学部経済学科経済(大学)(1992年3月卒業),1
介護福祉科(高等専門学校)(2018年3月卒業),1
スポーツトレーナーパーソナルトレーナー専攻(専門学校)(2022年3月卒業),1
看護科看護(高等学校)(2026年3月卒業見込み),1
普通科体育コース(高等学校)(1994年3月卒業),1
文化学科日本文化コース(短期大学)(1993年3月卒業),1
文学部仏教学科中国仏教(大学)(1988年3月卒業),1
言語聴覚学科(専門学校)(2023年3月卒業),1
普通科理系(高等学校)(2003年3月卒業),1
人間文化学部メディア社会学科映像表現(大学)(2015年3月卒業),1
仏教科(短期大学)(1998年3月卒業),1
柔道整復師要請学科(専門学校)(2014年3月卒業),1
日本語文化学科言語文化(大学)(2024年11月卒業),1
文学部史学科(大学),1
英文科(1976年3月卒業),1
広報マスコミュニケーション科(短期大学),1
看護学部(2029年3月),1
介護福祉士コース(高等学校)(2007年3月卒業),1
生活福祉文化学部保育専攻(大学)(2012年3月卒業),1
看護学科看護(高等学校)(2026年4月卒業見込み),1
教養学科教育と心理コース(大学)(2012年9月卒業),1
通信(高等学校),1
法学部法律学科(1993年3月卒業),1
普通科(専門学校)(1992年3月卒業),1
介護福祉学科(専門学校)(2006年3月卒業),1
普通科(高等学校)(1985年3月),1
普通科(高等学校)(2007年3月卒業),1
普通科(1985年3月卒業),1
普通科(高等学校)(1989年2月卒業),1
商業科(1986年3月卒業),1
日本語日本語(その他)(2022年3月卒業),1
経済(大学)(1981年3月卒業),1
経済学部経済学科経済学(大学)(1984年3月卒業),1
看護科看護科(専門学校)(2022年3月卒業),1
経理科(1992年6月中退),1
短期大学部仏教科(短期大学),1
社会福祉(大学)(2022年3月卒業),1
日本文学科(大学)(2000年3月卒業),1
社会学部 産業社会学科(大学)(1997年3月卒業),1
美術科日本画(高等学校)(1981年3月卒業),1
(専門学校)(2000年3月卒業),1
人間社会学部社会福祉学科(大学)(1995年3月卒業),1
日本語日本文学科(高等学校),1
普通科(1989年3月卒業),1
(高等学校)(1993年3月),1
福祉経営学部福祉マネジメント学科(大学),1
法経学部経済学科経済学(大学)(1996年3月卒業),1
農学部食品栄養学科(大学)(2019年3月卒業),1
ファッションスタイリスト学科(専門学校)(2004年3月卒業),1
総合政策学部総合政策学科(大学)(2009年3月卒業),1
情報処理科(専門学校)(2008年3月卒業),1
家庭科家庭科(高等学校)(1980年3月卒業),1
音楽ピアノ科(その他),1
教養学科(短期大学)(1987年3月卒業),1
社会福祉学部社会福祉(大学),1
(専門学校)(1970年3月),1
社会福祉社会福祉(2004年3月卒業),1
音楽科ピアノ(短期大学)(1976年3月卒業),1
社会福祉学部社会福祉学科(大学)(2026年3月卒業見込み),1
短期大学部絵画専攻(短期大学)(2004年3月卒業),1
社会福祉学科(大学)(2022年3月卒業),1
(2022年3月),1
経済学部経済学科(大学)(2003年3月卒業),1
短期大学部社会福祉(短期大学)(2003年3月卒業),1
薬業科(専門学校)(1991年3月卒業),1
普通科目 (高等学校),1
人間福祉学科介護福祉専攻(短期大学)(2004年3月卒業),1
社会学部社会福祉学科地域福祉(大学)(2004年3月卒業),1
整復科(専門学校)(2020年3月卒業),1
家政学科食物科(1977年3月卒業),1
幼児教育学科(短期大学)(1974年3月卒業),1
幼児教育学科(短期大学)(2015年3月卒業),1
食物栄養学科(1988年3月卒業),1
介護福祉士学科(専門学校),1
(高等学校)(2006年3月卒業),1
国文学科国文学(1999年3月卒業),1
芸術学部 テキスタイルデザイン学科(大学)(1972年3月卒業),1
看護(専門学校),1
看護科学(大学)(2011年5月卒業),1
情報流通科(大学)(2003年3月卒業),1
美容カウンセリング(専門学校),1
総合福祉科(高等学校)(2012年3月卒業),1
週末課程(高等学校)(2007年2月卒業),1
電気科(高等学校)(1977年3月卒業),1
普通科なし(高等学校)(2006年3月卒業),1
運動科学学科舞踊学専攻(大学)(2013年3月卒業),1
保育(1976年3月卒業),1
外国語英語(大学)(1998年3月卒業),1
(専門学校)(1968年8月卒業),1
介護福祉科福祉(高等学校)(2014年3月卒業),1
看護看護(専門学校)(2018年3月卒業),1
色染化学(高等学校)(1986年3月卒業),1
普通(高等学校)(1985年3月卒業),1
普通科普通科(1983年3月卒業),1
経済学部現代経済学科(大学)(2021年3月卒業),1
人間福祉学科(短期大学)(2000年3月卒業),1
美容専門(専門学校)(1978年3月卒業),1
普通(2018年2月卒業),1
社会福祉士養成通信課程(専門学校)(2021年3月卒業見込み),1
産業工学デザイン学科(高等学校)(2015年2月卒業),1
普通(高等学校)(2005年3月卒業),1
人文学部社会福祉学科障害者福祉(大学)(2007年3月卒業),1
社会学部 社会福祉学科(2023年3月卒業),1
普通科なし(高等学校)(1987年3月卒業),1
社会福祉福祉心理(大学)(2004年3月卒業),1
総合学科(高等学校)(2008年4月卒業),1
普通科なし(高等学校)(1984年3月中退),1
普通科(体育)(高等学校)(1992年3月卒業),1
スポーツコース体育(高等学校)(2010年2月卒業),1
食物科(高等学校)(1980年3月卒業),1
生活と福祉専攻(大学)(2009年3月卒業),1
保育科(専門学校)(1987年3月中退),1
介護福祉士(専門学校)(2019年3月卒業),1
普通科なし(高等学校)(2013年3月卒業),1
(大学)(2011年3月卒業),1
(高等学校)(1977年3月卒業),1
商業商業(1989年3月卒業),1
理学部 計算機学科(1980年3月卒業),1
看護科(1999年3月卒業),1
商学部商経学科(1992年3月卒業),1
経済学部経営学科(大学),1
心理学科(専門学校)(2017年3月卒業),1
機械科(高等学校)(1997年3月),1
看護師科准看護師(高等専門学校)(2003年3月卒業),1
商経学部商学科(1974年4月卒業),1
電子科(高等学校)(1986年3月卒業),1
無し無し(高等学校)(2004年3月卒業),1
普通科(2019年3月卒業),1
和裁界和裁(専門学校)(1991年3月卒業),1
政策学部政策学科(大学)(2023年3月卒業),1
福祉メディカル(専門学校)(2015年3月卒業),1
なしなし(その他)(1987年7月中退),1
経済学部経営学科(大学)(2004年4月卒業),1
経営学部 経営学科(大学)(2004年9月卒業),1
生命環境学部 アニマルサイエンス学科(大学)(2009年3月卒業),1
なしなし(高等学校)(2021年3月卒業),1
福祉科(高等学校),1
(1976年3月卒業),1
法学部経営法学科(1988年3月卒業),1
短期大学部幼児教育学科(1984年3月),1
福祉(専門学校),1
社会福祉学科(大学)(2004年3月卒業),1
保育科(専門学校)(1985年3月卒業),1
介護学科(専門学校)(2021年3月卒業),1
システム工学科(高等学校)(2018年3月卒業),1
国際文化学部 人文学科(2028年3月卒業見込み),1
商経学部経済学科(1993年3月),1
(専門学校)(2001年4月卒業),1
(その他)(2017年3月卒業),1
社会体育科スポーツ(専門学校)(1993年3月卒業),1
普通科(1977年3月卒業),1
(高等学校)(1982年3月卒業),1
普通科無し(高等学校)(1973年3月卒業),1
経済学部経済学科(大学)(1983年3月卒業),1
高卒(高等専門学校)(2006年3月卒業),1
普通(1974年3月),1
福祉系列(高等学校)(2006年3月卒業),1
家政科(高等学校)(2022年3月卒業),1
機械科(高等学校)(1985年3月卒業),1
精神保健福祉士学科精神保健福祉士(専門学校)(2022年9月卒業),1
和裁(専門学校)(1986年3月卒業),1
看護学部(大学)(2025年3月卒業見込み),1
経営学部(大学),1
社会学部・現代社会学科共生・臨床(大学)(2026年3月卒業見込み),1
(高等専門学校)(2017年3月卒業),1
短期学部家政科食品衛生(短期大学)(1984年2月卒業),1
介護学科(専門学校)(2001年3月卒業),1
社会福祉学部・社会福祉学科介護福祉専攻(大学)(2008年3月卒業),1
経済学部(大学)(1997年3月卒業),1
人間福祉学科 介護福祉専攻(短期大学)(2005年3月卒業),1
通信普通(高等学校)(2022年7月中退),1
看護科(その他),1
普通科関西美容理容専門学校卒(1974年3月卒業),1
食物栄養学科食物学科(短期大学)(1985年3月卒業),1
普通課(高等学校)(1965年3月卒業),1
応用数学数学(大学)(1974年3月卒業),1
健康心理学科(大学)(2018年3月卒業),1
工業化学科(高等学校)(1979年3月卒業),1
保育、介護科(専門学校)(2005年3月卒業),1
(短期大学)(1993年3月卒業),1
外国語学部ドイツ語学科(大学)(1992年3月卒業),1
経理経理(1981年3月卒業),1
(高等学校)(1985年3月卒業),1
社会福祉学部社会福祉学(大学),1
福祉科介護(専門学校)(2018年3月卒業),1
経営学科経営学部(大学),1
高等学部高等理療科(高等専門学校)(2017年3月卒業),1
普通科普通コース(高等学校)(2004年3月卒業),1
社会福祉学研究科社会福祉(大学院(修士))(2005年3月卒業),1
幼児教育幼児教育科(短期大学)(1974年3月卒業),1
家政科食物栄養専攻(短期大学)(1995年3月卒業),1
製菓技術科夜間部製菓技術科(専門学校)(2013年11月中退),1
文学部哲学科哲学(大学)(2018年3月卒業),1
福祉総合科介護(その他)(2022年3月卒業),1
普通科(高等学校)(2023年3月卒業),1
家政科(高等学校)(1982年3月卒業),1
(その他)(2012年3月卒業),1
理美容美容師(専門学校)(1996年10月卒業),1
介護福祉専攻科介護福祉(専門学校)(2012年3月卒業),1
栄養学科栄養学専攻(2000年4月卒業),1
商業科(高等学校)(1982年3月卒業),1
経済学部経済学科(大学)(2000年3月卒業),1
人文学部・心理学科(大学)(2023年3月卒業),1
教養学部 教養学科(大学)(1987年3月卒業),1
(1992年3月卒業),1
定時制普通科(高等学校)(2018年11月中退),1
文学部国文学科現代文学(大学)(2006年3月卒業),1
田野専攻科看護科(高等専門学校)(2007年10月中退),1
普通科定時制(高等学校)(1994年3月卒業),1
メイク(高等専門学校)(2002年3月卒業),1
文学部日本文学(1983年3月卒業),1
(1979年6月),1
社会学部・現代社会学科(大学)(2011年3月卒業),1
経済学部経済学科(大学)(1980年3月卒業),1
広報学科(短期大学)(2005年3月卒業),1
病院管理学科病院管理(専門学校)(1995年3月卒業),1
染色技術科(高等学校)(1995年3月卒業),1
美容(専門学校)(1998年3月卒業),1
体育体育(短期大学)(1995年3月卒業),1
文学部社会福祉学科(大学)(1986年3月卒業),1
文学部(大学)(1983年3月卒業),1
短期大学部看護学科通信制課程(短期大学)(2016年3月卒業),1
(短期大学)(1980年3月卒業),1
短期大学部ピアノ(短期大学)(2003年3月卒業),1
定時制(高等学校)(1986年3月卒業),1
普通科ニチイ学館(高等学校)(2001年3月卒業),1
医用電子科(高等専門学校)(1990年3月卒業),1
普通科(高等学校)(2014年3月卒業),1
法律社会学科(2010年3月卒業),1
普通科普通科(1984年3月卒業),1
人間関係 宗教宗教学(大学)(2005年3月卒業),1
リハビリテーション学部•リハビリテーション学科理学療法専攻(高等学校)(2025年3月卒業見込み),1
文学部、歴史学科日本近代史(大学)(2022年3月卒業見込み),1
通信科(高等学校)(2013年10月中退),1
看護学部看護師(専門学校)(1981年3月卒業),1
工学部精密工学科(大学)(1983年3月卒業),1
家政科(1982年2月卒業),1
文学部史学科東洋史学専攻(大学)(2004年3月卒業),1
看護学科看護(2027年4月卒業見込み),1
経済学部(大学)(1972年3月卒業),1
経営学科なし(大学)(2010年10月中退),1
普通商業科(高等学校)(1980年3月卒業),1
(1972年3月卒業),1
経済学部(大学)(1988年4月卒業),1
文芸学部文学科日本文学専攻(大学)(2016年3月卒業),1
家庭生活学科食物栄養専攻(短期大学)(1995年3月卒業),1
美容、メイク美容師(専門学校)(1994年10月卒業),1
普通科(高等学校)(1965年3月卒業),1
経済学研究科市場環境学専攻(大学院(修士))(2010年3月卒業),1
芸術学部建築学科(1986年3月卒業),1
衛生技術科(短期大学)(2001年3月卒業),1
マーケティング学科(大学)(2012年3月卒業),1
(短期大学)(1994年3月卒業),1
福祉科介護福祉(専門学校)(1998年3月卒業),1
普通科なし(高等学校)(1996年3月卒業),1
学芸学部音楽学(大学)(1993年3月卒業),1
普通科(高等学校)(1988年2月卒業),1
普通科(高等学校)(2019年1月中退),1
情報会計科(高等学校)(2003年3月卒業),1
法学部 法律学科(大学)(2001年9月卒業),1
経済学部 経済学科(大学)(2003年3月卒業),1
法学部法学科法律コース(大学)(1997年3月卒業),1
音楽学部指揮科,1
商業化(高等学校)(2001年3月卒業),1
教育学部幼児教育学科(大学)(1998年3月卒業),1
国文学部国文学科(短期大学)(1995年3月卒業),1
人間科学研究科臨床心理学(大学院(修士))(2017年3月卒業),1
家政科(高等学校)(1998年3月卒業),1
スポーツ(高等学校)(2001年3月卒業),1
理学部電子科(大学)(1975年3月卒業),1
食物栄養学科(大学)(2027年3月卒業見込み),1
文科英語専攻(短期大学)(1972年3月卒業),1
総合学科(高等学校)(2016年3月卒業),1
スペイン語学科(短期大学)(1997年2月中退),1
造形学科テキスタイル専攻(大学)(1982年9月卒業),1
応用社会学科(大学)(2000年3月卒業),1
芸術学部•マンガ学科カートゥーン専攻(大学)(2006年3月卒業),1
(高等学校)(2014年3月卒業),1
法学部(社会人一期生)政治経済学(殆ど法律)(大学)(1998年6月中退),1
人間福祉学科(短期大学),1
経済.経済経済(大学)(1986年3月卒業),1
普通科(高等学校)(1970年4月卒業),1
商業科(高等学校)(1977年3月卒業),1
昼間部(1978年3月),1
介護福祉士(専門学校)(2021年10月卒業),1
洋裁、和裁(その他)(1983年3月卒業),1
体育学部健康学科(大学)(1988年3月卒業),1
国際コミュニケーション科英語(高等学校)(2017年3月卒業),1
商業科商業科(1976年3月卒業),1
日本文学部文学科日本文学(大学),1
文学部社会学科(大学)(1994年3月卒業),1
AB -EnglishEnglish(その他)(1996年3月卒業),1
介護福祉学科(2017年3月卒業),1
商業科(高等学校)(2021年3月卒業),1
工学部金属材料工学科(大学)(1989年3月卒業),1
家政科家政専攻(短期大学)(1970年3月卒業),1
社会福祉学部社会福祉学科(大学)(2013年3月卒業),1
社会学部社会福祉学科(大学)(2017年3月卒業),1
(その他)(2003年4月卒業),1
普通科(1996年3月卒業),1
人間科学部スポーツ行動学科(大学),1
スペイン語学科英語(1977年2月中退),1
(高等学校)(2006年3月),1
商学部(大学)(1993年3月卒業),1
社会学部社会福祉学科(1986年3月卒業),1
普通科(高等学校)(2001年2月卒業),1
介護福祉学科(専門学校)(2020年3月卒業),1
普通科松本市医師会附属准看護学院(高等学校)(2001年3月卒業),1
文学研究科私学(大学院(修士))(1991年3月卒業),1
介護福祉学科介護(専門学校)(2004年3月卒業),1
広告デザイングラフィックデザイン(専門学校)(1972年3月卒業),1
家庭生活か家庭生活か(1979年3月卒業),1
経営経済(大学)(2019年4月卒業),1
幼児保育学科(短期大学)(2023年3月卒業),1
芸術学部こども芸術学科(大学)(2023年3月卒業),1
(1978年3月卒業),1
食物栄養科食物栄養科(短期大学)(1979年3月卒業),1
(1991年3月卒業),1
(2023年3月),1
美容(専門学校),1
社会学部地域福祉学科(大学)(2006年9月卒業),1
普通科(1978年3月卒業),1
普通(高等学校)(1997年8月中退),1
食品化学科(高等学校)(2006年3月卒業),1
心理こども学部幼児教育保育コース(大学)(2017年3月卒業),1
普通科探求コース(高等学校)(2023年3月卒業),1
自動車工学科(専門学校)(2004年3月卒業),1
産業社会学部 現代社会学科人間福祉専攻(大学)(2017年3月卒業),1
社会学部・社会福祉学科(大学)(1988年3月卒業),1
週2日コースなし(その他)(2022年3月卒業見込み),1
経営学部・経営学科(大学)(2021年3月卒業見込み),1
建築科(1996年4月卒業),1
デザイン科グラフィックデザイン(1966年4月卒業),1
文学部真宗学科(1996年3月卒業),1
教育学部教育心理実践専攻(大学)(2023年3月卒業),1
人文学部語学文学科(大学)(1983年3月卒業),1
短期大学部 英語英文学科(短期大学)(1988年3月卒業),1
普通科なし(高等学校)(2000年3月卒業),1
普通(高等学校)(1980年3月),1
介護(高等専門学校)(2012年3月卒業),1
(短期大学)(2013年3月卒業),1
(専門学校)(1986年9月),1
短期大学部看護学科通信制課程(短期大学),1
食物生活科学科管理栄養士専攻(大学)(2007年3月卒業),1
法学部法律学科(大学)(1980年3月卒業),1
美容科(専門学校)(2014年3月卒業),1
鍼灸科(専門学校)(2023年3月卒業),1
社会学部心理学科(大学)(2015年5月中退),1
経済学部経営学科(大学)(1971年3月卒業),1
法学部法学科国際法コース?(大学)(2002年3月卒業),1
英文科英米文学(1973年3月卒業),1
普通科(1973年3月卒業),1
アニメーター科(専門学校),1
1部(高等学校)(1990年2月卒業),1
服飾(専門学校)(1988年3月卒業),1
夜間定時(2017年3月卒業),1
工学部・経営工学科(大学)(2005年3月卒業),1
商業科(高等学校)(1998年3月卒業),1
法学部法律学科(1996年3月卒業),1
商業課,1
文学部 日本文学科近代文学(大学)(1980年3月卒業),1
食物栄養学科(短期大学)(1989年3月卒業),1
商経学部商学科(大学)(1992年3月中退),1
(高等学校)(2019年11月卒業),1
普通(高等学校)(1998年3月卒業),1
(専門学校)(2005年3月卒業),1
介護、福祉(2002年3月卒業),1
文学部社会学科文化人類学(大学)(2011年3月卒業),1
生活創造科(高等学校)(2016年3月卒業),1
スポーツコーチングコース(大学)(2008年10月中退),1
国際言語文化学部中国語(大学),1
商業科簿記(1975年2月卒業),1
スペイン語学科(大学),1
文学部地理学専攻,1
工学部機械科(大学)(1988年3月中退),1
工学部電気工学科インバータ(1968年3月卒業),1
薬学部薬学科(大学)(1976年3月卒業),1
精神保健福祉科精神保健福祉(専門学校)(2016年5月卒業),1
健康・福祉系列福祉(2011年4月卒業),1
文学部(大学)(1993年3月卒業),1
普通科文系(高等学校)(1997年3月卒業),1
文学部 中国学科古典文学(大学)(2023年3月卒業見込み),1
保育科(高等学校)(1984年3月卒業),1
水産製造科(高等学校)(1990年3月卒業),1
ホテル学科ホテルコース(専門学校)(2020年3月卒業),1
服飾デザイン科(専門学校)(1983年3月卒業),1
美容(専門学校)(1984年3月卒業),1
普通科(1967年4月),1
商学部商学科(大学)(2013年3月卒業),1
(大学)(2010年3月卒業),1
保育科(短期大学)(1997年3月卒業),1
商学部 商学科金融、流通(大学)(1988年3月卒業),1
人間学部人間関係学科社会福祉専攻(大学)(2020年3月卒業),1
文学部文学科(大学)(2013年3月卒業),1
産業社会産業社会(大学)(1996年3月卒業),1
(大学)(2018年3月卒業),1
情報工学科(専門学校),1
(大学)(1989年3月卒業),1
仏教学科仏教保育専攻(短期大学)(2023年3月卒業見込み),1
児童福祉コース(短期大学)(2015年4月卒業),1
理数科(高等学校)(2012年3月卒業),1
スポーツ学部 競技スポーツ学科(大学)(2009年3月卒業),1
仏教,1
現代ビジネス学部 経営学科(大学),1
臨床心理学部臨床心理学科(大学)(2017年3月卒業),1
食品化学科(高等専門学校)(1998年3月卒業),1
スペイン語学科英語とスペイン語(大学)(1975年3月中退),1
工学部電子工学科半導体物理(大学)(1989年3月卒業),1
文学部社会福祉学科(大学)(1996年3月卒業),1
経済学部マーケティング経済(大学)(1977年3月卒業),1
被服科(高等学校)(1991年3月卒業),1
福祉科福祉コース(高等学校)(2005年2月卒業),1
家政科(1999年3月卒業),1
法律学部法律学科(大学)(2000年3月卒業),1
福祉メディカル科(専門学校)(2020年4月卒業),1
社会福祉士科(専門学校)(2000年3月卒業),1
看護学科(高等学校)(2010年3月卒業),1
看護学部(短期大学)(2011年9月卒業),1
柔道整復科(専門学校)(2018年3月卒業),1
美術教養科(1988年3月卒業),1
経済学部産業経済学科(大学)(1990年3月卒業),1
キャリア形成学部キャリア形成学科(大学)(2020年3月卒業),1
音楽学科音楽文化専攻音楽療法コース(大学)(2004年3月卒業),1
心理メディカル学科社会福祉(専門学校)(2016年3月卒業),1
(高等学校)(2003年3月卒業),1
普通科なし(高等学校)(1980年3月卒業),1
理系(高等学校),1
ビューティーアート学科,1
社会福祉学科介護福祉専攻(短期大学)(1998年3月卒業),1
文学部(大学)(1994年3月卒業),1
教養社会経済(大学)(1988年3月卒業),1
教養学部 教養学科心理学(大学)(2003年3月卒業),1
法学部法律学科民法(大学)(2025年3月卒業見込み),1
普通科(高等学校)(2022年2月卒業),1
商業化(1978年3月卒業),1
(高等学校)(2004年3月),1
(その他)(1999年3月卒業),1
食物科,1
福祉科 介護コース(高等学校),1
日本語(その他)(2022年3月卒業),1
デザイン学部(大学)(2010年3月卒業),1
経済学部 経済学科2年次から観光経済専攻(大学)(2019年3月卒業),1
日本画コース(短期大学)(1988年3月卒業),1
産業技術科土木(高等学校)(2003年3月卒業),1
福祉メディカル科福祉メディカル科(専門学校)(2020年3月卒業),1
福祉福祉(高等学校)(2017年3月卒業),1
栄養士科(専門学校)(1992年3月卒業),1
コミュニティケア科(専門学校)(1992年3月卒業),1
ITビジネス学科(専門学校)(2019年3月卒業),1
法学部法律学科法医学(大学)(1991年3月卒業),1
機械科(高等学校)(1988年3月卒業),1
社会学部現代社会学科(大学)(2011年3月卒業),1
理容美容科理容(専門学校)(1991年10月卒業),1
臨床心理学部臨床心理学専攻(大学)(2011年3月卒業),1
介護介護(大学)(2022年3月卒業),1
生活学科(短期大学)(2004年3月卒業),1
介護(専門学校),1
理工学部数学物理学科数学課程(大学)(1999年3月卒業),1
福祉メディカル科(専門学校)(2018年3月),1
経済学部(大学)(1988年3月卒業),1
生命工学技術科(専門学校)(1997年3月卒業),1
経営経済(短期大学)(2002年3月卒業),1
薬学部,1
国文科(短期大学)(2011年3月卒業),1
音楽科ピアノ専攻(短期大学)(1993年3月卒業),1
普通科(1981年3月卒業),1
生活学科(短期大学)(2008年3月卒業),1
准看護科(専門学校)(2018年3月卒業),1
人文学部文化表現学科(大学)(2008年3月卒業),1
普通科普通科(高等学校)(1976年3月卒業),1
人間学部心理学科心理学(大学)(2007年3月卒業),1
(専門学校)(2020年3月卒業),1
(2000年3月卒業),1
経済学部経済学科アメリカ(大学)(1994年3月卒業),1
国語科(1981年3月卒業),1
総合社会学部•総合社会学科メディア、社会心理コース(大学)(2018年4月卒業),1
体育学部体育学科(大学)(2020年3月中退),1
経済学部経済学科アメリカの経済(大学)(1994年3月卒業),1
保育科(短期大学)(1980年3月卒業),1
短期大学部家政科(短期大学),1
看護第一学科(専門学校)(1995年3月卒業),1
体育学部健康学科(大学)(2013年3月卒業),1
普通科普通(高等学校)(1996年3月卒業),1
文学部日本文学科詩(大学)(2016年3月卒業),1
(その他)(1990年3月卒業),1
(高等学校)(2005年3月中退),1
A課程和裁(高等専門学校)(1981年3月中退),1
調理師専門(2012年4月卒業),1
調理調理師(専門学校),1
介護福祉士学科(専門学校)(2004年3月卒業),1
普通科(高等学校)(2022年3月卒業),1
心理メディカル科(専門学校)(2019年5月中退),1
(専門学校)(1987年3月卒業),1
健康福祉学科(専門学校),1
経済学部経済学科(大学)(1984年3月卒業),1
普通科II類(高等学校)(2009年3月卒業),1
スポーツ健康科学研究科バイオメカニクス(大学院(修士))(2020年3月卒業),1
家政科家政専攻(1984年3月卒業),1
法学部法律学科刑事学(大学)(1991年3月卒業),1
普通なし(高等学校)(1999年3月卒業),1
バタビア&普通科(1975年3月卒業),1
普通科普通科(高等学校)(2012年3月卒業),1
(高等学校)(1987年4月卒業),1
外国語学部タイ・ベトナム語学科(大学)(1987年3月卒業),1
(高等専門学校)(2020年4月卒業),1
経営情報学部経営情報学科(大学),1
普通科(高等学校)(1973年12月中退),1
社会福祉科(専門学校)(2000年3月卒業),1
文学部国文学科上方文楽(大学)(1995年3月卒業),1
定時制(その他)(2003年12月中退),1
建築・土木科(高等学校)(2006年1月中退),1
国際福祉学科福祉(短期大学)(2005年3月卒業),1
法学部法律学科(大学)(2010年3月卒業),1
美容美容師(専門学校),1
音楽学部器楽科(大学)(2007年3月卒業),1
文学部 英語英米文学科(大学)(2004年3月卒業),1
介護福祉科,1
社会福祉科社会福祉(大学)(1992年3月中退),1
教育学部(大学),1
トリマートリマー(専門学校)(1998年3月卒業),1
保育科(1996年3月中退),1
幼児教育科(短期大学),1
南キャンパス(高等学校)(2014年3月卒業),1
普通科普通科(高等学校)(2006年3月卒業),1
3類学科美術(高等学校)(2003年3月卒業),1
福祉メディカル科介護福祉士(専門学校)(2019年3月卒業),1
文学部社会福祉学科児童福祉(大学)(1985年3月卒業),1
外国語学部英米語学科(大学)(2017年3月卒業),1
(1965年3月),1
体育学部教職(1986年3月卒業),1
児童教育学科情報教養コース(短期大学)(1991年3月卒業),1
園芸工学科(高等学校)(2011年3月卒業),1
普通科総合進学(高等学校)(1989年3月卒業),1
健康福祉(専門学校)(2002年3月卒業),1
普通科特になし(高等学校)(2011年3月卒業),1
幼児教育科(1984年3月卒業),1
国際言語文化学部英米語学科言語学(大学)(1990年3月卒業),1
保育科(短期大学)(1972年3月卒業),1
外国語学部中国語学科中国語(大学)(2021年3月卒業),1
福祉科(専門学校)(2003年3月卒業),1
通信制(高等学校)(2012年3月卒業),1
(専門学校)(1996年3月),1
商学部 商学科(2015年3月卒業),1
仏教学部仏教学科仏教福祉学コース(2000年3月卒業),1
美術学部版画(大学)(2020年3月卒業),1
電気(専門学校),1
東大阪短期大学初等教育科(1983年3月卒業),1
普通特になし(高等学校)(1983年3月卒業),1
法学部・法律学科(大学)(2019年3月卒業),1
情報処理科プログラマー(専門学校)(1982年3月卒業),1
普通科(高等学校)(1964年3月卒業),1
デザイン学科服飾デザイン(短期大学)(1991年3月卒業),1
漫画学科漫画コース(専門学校)(2007年3月卒業),1
文学部英語英文学科(大学)(2014年3月卒業),1
(1975年3月卒業),1
介護サービス科実務者研修(高等専門学校)(2020年5月卒業),1
スポーツ科学科スポーツメディカルコース(専門学校)(2015年3月卒業),1
幼児教育学部幼児教育(1979年3月卒業),1
看護学科看護(高等学校)(2019年4月卒業),1
化学工学課化学工学(高等学校)(1982年3月卒業),1
(その他)(1997年3月卒業),1
英文科英文学(短期大学)(1968年3月卒業),1
普通課英語(その他)(1964年3月卒業),1
普通科普通科(高等学校)(1989年3月卒業),1
美容科美容科(専門学校)(1993年9月卒業),1
理学部生物学科(大学)(1978年3月卒業),1
(短期大学)(2008年2月中退),1
保険医療技術学部作業療法学科(大学)(2018年3月卒業),1
Electricity technician(専門学校)(2016年4月卒業),1
医療福祉心理医療福祉心理(専門学校)(2018年3月卒業),1
通信課なし(高等学校)(2021年5月中退),1
社会福祉学科介護福祉(専門学校)(2004年3月卒業),1
幼児教育保育科(短期大学)(2017年4月卒業),1
教養学部生活と福祉コース(大学)(2014年3月卒業),1
社会福祉学部 社会福祉学科社会福祉(大学)(2006年4月卒業),1
(その他)(1977年3月卒業),1
人文学部現代社会と人間コース(大学)(2018年3月卒業),1
アパレル造形•デザイン科(専門学校),1
特進1(高等学校)(2004年3月卒業),1
普通科(高等学校)(2017年7月中退),1
(2007年3月卒業),1
保育科(短期大学),1
園芸科(高等学校)(1994年3月卒業),1
被服(高等学校)(1973年3月卒業),1
特になし特になし(専門学校)(2000年3月卒業),1
こども学部・こども学科(大学)(2017年3月卒業),1
福祉科(専門学校)(1990年3月卒業),1
理容師(専門学校)(1985年3月卒業),1
農芸化学科(高等学校)(2011年3月卒業),1
(その他)(1986年3月卒業),1
トータルビューティー学科エステ(専門学校)(2017年3月卒業),1
商業(高等学校)(1980年3月),1
情報企画科(高等学校)(2017年3月卒業),1
造形芸術学科ビジュアルデザイン(短期大学)(1980年3月卒業),1
心理学(高等学校)(2013年7月卒業),1
介護福祉士生活福祉専攻(短期大学)(2010年3月卒業),1
工業化学科(高等学校),1
特別支援教育特別専攻科特別支援教育(大学)(2014年3月卒業),1
国際コース外国語(高等学校)(2018年3月卒業),1
医療福祉学科医療福祉(大学)(2003年3月卒業),1
(高等学校)(2011年3月),1
普通科(高等学校)(2023年3月卒業見込み),1
デザイン科(1983年3月卒業),1
(2016年3月卒業),1
介護学科(2017年3月卒業),1
無し無し(その他)(1976年3月卒業),1
定時制,1
工学部工業化学科大気環境(大学)(1975年6月卒業),1
看護学科看護(大学)(1992年3月中退),1
社会学部社会学科(大学)(2020年3月卒業),1
社会福祉学科(大学)(2007年3月卒業),1
社会福祉学部児童福祉学科(大学),1
産業社会学部人間福祉(大学)(2015年4月卒業),1
教育学部美術(大学)(1980年3月卒業),1
看護科(専門学校)(1999年3月卒業),1
政経学部 経済学科(大学)(2021年3月卒業),1
(専門学校)(1980年3月卒業),1
(高等学校)(2020年3月),1
看護学科・看護学部看護学(高等専門学校)(2008年4月卒業),1
(短期大学)(2005年3月卒業),1
栄養士科(専門学校)(2023年3月卒業見込み),1
普通(高等学校)(2006年3月卒業),1
芸術学部・キャラクター造形学科(大学)(2013年3月卒業),1
社会福祉学部児童福祉学科(大学)(2016年3月卒業),1
居住空間デザイン学部,1
英語英文学部(大学)(1983年3月卒業),1
アスレティックトレーナー科(専門学校)(2021年3月卒業),1
国際文化学科(短期大学),1
自動車整備士科(専門学校)(2012年3月卒業),1
外国語学部 言語学科イタリア語専修(大学)(1983年3月卒業),1
商業(高等学校)(1980年3月卒業),1
なしなし(その他),1
日本語を勉強しています(その他),1
政策学部(大学)(2020年3月卒業),1
法学部法律学科(大学)(2002年3月卒業),1
保育科保育士(高等学校)(1979年3月卒業),1
社会学部社会学科(大学)(2000年3月卒業),1
普通科(高等学校)(1989年3月),1
短期大学部英語英文科(短期大学)(1980年3月卒業),1
家政科(高等学校)(1988年3月卒業),1
家政学科家政科(1975年3月卒業),1
社会福祉学部社会福祉学科介護コース(大学)(2022年3月卒業見込み),1
健康学部看護学科(大学)(2024年3月卒業見込み),1
児童教育学科(短期大学),1
ゲームカレッジプログラミング専攻(専門学校)(2019年3月卒業),1
林業科(高等学校)(1993年3月卒業),1
法学部法学学科(大学)(2002年3月卒業),1
ソフト経済科(高等学校),1
普通(高等学校)(1996年3月),1
高校(その他),1
経営学部経営学科(大学)(2021年3月卒業見込み),1
法学部憲法(大学)(1992年3月卒業),1
介護福祉士科介護福祉士(専門学校)(2017年3月卒業),1
工業科(高等学校),1
(短期大学)(2010年3月卒業),1
福祉課(高等学校)(2002年3月卒業),1
芸術学部洋画(大学),1
法学部法律学科卒業法学部(大学)(1980年3月卒業),1
機械科(高等学校),1
福祉経営学部 通信教育医療・福祉マネジメント(その他),1
(高等学校)(2012年3月卒業),1
電気工学科(高等学校),1
経営学部経営学科スポーツ科学(大学),1
高等看護科中退 准看護科卒業看護(専門学校)(1978年3月中退),1
プロジェクト工学科ものづくり分野機械加工専攻(高等学校)(2021年3月卒業見込み),1
人間文化学部人間文化学科(大学)(2017年3月卒業),1
法学部 法律学科日本法制史(大学)(1993年3月卒業),1
法学部,1
国際文化A(高等学校)(2019年3月卒業),1
食品化学科(高等学校)(2001年3月卒業),1
看護保健学科(専門学校)(2020年3月中退),1
(高等学校)(2021年3月卒業見込み),1
介護(専門学校)(2013年3月卒業),1
機械技術(大学)(1991年10月卒業),1
生活科学部生活科学科(短期大学)(1998年3月卒業),1
商業科(1977年3月卒業),1
文学部社会学科社会福祉コース(大学)(2017年3月卒業),1
普通科(高等学校)(1983年3月),1
経理科(高等学校)(1990年3月卒業),1
(専門学校)(1989年3月卒業),1
社会福祉学部臨床心理学科,1
経済学部(大学)(1985年3月卒業),1
普通科児童心理学(短期大学)(1986年3月卒業),1
教育学部(大学)(1975年3月),1
経営学部スポーツキャリア(大学)(2021年3月卒業見込み),1
食物栄養学科(2010年3月卒業),1
普通科ニチイ学館(高等学校)(2000年3月卒業),1
芸術工学(大学院(修士))(1997年3月卒業),1
理学部 物理学科個体物理学(大学)(1973年3月卒業),1
理学部化学学科物理化学(大学)(1976年3月卒業),1
スポーツ科学科(2020年3月卒業),1
社会福祉士学部社会福祉士学科(大学)(2005年3月卒業),1
経済学部経済学(大学)(1990年3月卒業),1
家政科(高等学校)(1992年3月卒業),1
児童教育学科(短期大学)(1989年3月卒業),1
保育科 音楽科(専門学校)(1989年4月卒業),1
介護職員基礎研修介護(専門学校)(2011年6月卒業),1
芸術学部 デザイン学科テキスタイルデザイン(大学)(1970年6月卒業),1
普通科(高等学校)(2016年3月卒業),1
家政科(高等学校)(1970年9月卒業),1
(その他)(1999年3月),1
経済学部国際貿易(大学)(1988年6月卒業),1
土木科(高等学校)(1980年3月卒業),1
美容科(専門学校)(1999年3月卒業),1
(1985年3月卒業),1
健康医療学部看護学科(高等学校),1
看護学科(大学)(2004年3月卒業),1
現代社会学部現代社会学科社会福祉士専攻(大学)(2017年4月卒業),1
スポーツ科学科(専門学校)(2020年3月卒業),1
短期大学部こども保育学科(短期大学)(2014年3月卒業),1
(高等学校)(2009年4月卒業),1
被服科被服(高等学校)(1984年3月卒業),1
(高等学校)(2020年3月卒業見込み),1
(その他)(2006年3月卒業),1
小経学部経営学科(大学)(2001年3月卒業),1
介護福祉(専門学校)(2013年3月卒業),1
商業科(1957年3月卒業),1
商業科(高等学校)(1987年3月卒業),1
服飾学科(1990年3月卒業),1
社会福祉学部 社会福祉学科地域福祉学(大学)(2014年3月卒業),1
通信課(高等学校)(2010年3月卒業),1
英文科英語(短期大学),1
園芸科(高等学校)(1985年3月卒業),1
法学部(大学)(1996年3月卒業),1
普通科情報コース(高等学校)(2003年3月卒業),1
総合福祉学部社会福祉学科(大学),1
看護医療看護医療(大学)(2017年3月卒業),1
食品科学科(高等学校)(2014年3月卒業),1
人文社会学部日本学科(大学)(2018年2月卒業),1
(高等学校)(1984年9月中退),1
総合政策学部総合政策学科(大学)(2008年3月卒業),1
佛教福祉(大学)(1983年3月卒業),1
ナレーター科(専門学校)(1995年3月中退),1
普通科(高等学校)(2011年3月卒業),1
短期大学部社会福祉学科社会福祉(短期大学)(2017年3月卒業),1
経済学部経済学科(大学)(2019年3月卒業),1
生活文化学科(短期大学)(1994年3月卒業),1
社会学社会福祉学(大学院(修士)),1
看護学部透析病棟 障害者病棟(高等専門学校)(2010年3月卒業),1
教育学部(大学)(1975年3月卒業),1
保険事務科(専門学校)(1985年3月卒業),1
保健科(短期大学)(2006年3月卒業),1
法学部法学科(大学)(2009年3月卒業),1
社会福祉学部社会福祉学科(大学)(2003年3月卒業),1
(専門学校)(1993年3月卒業),1
福祉学科(大学)(2005年3月卒業),1
普通科普通科(高等学校)(2013年3月卒業),1
普通科一般社会科(高等学校)(1977年3月卒業),1
普通科(高等学校)(1981年5月),1
生産システム科(高等学校)(1997年3月卒業),1
CGデザイン科CGデザイン(専門学校)(1999年3月卒業),1
グリーンコーディネート科(専門学校)(1992年3月卒業),1
英文(短期大学)(1990年3月卒業),1
経理(高等専門学校),1
社会学部心理学(大学)(1981年3月卒業),1
介護福祉学科(専門学校)(1996年3月卒業),1
文学部 文化財学科古文書学(大学)(2006年3月卒業),1
児童教育学科幼児教育学科(短期大学)(1980年3月卒業),1
介護福祉科(専門学校)(2010年3月卒業),1
看護科(高等学校)(2008年3月卒業),1
洋菓子(専門学校),1
生活科学科(短期大学)(2000年3月卒業),1
文系なし(高等学校)(2012年3月卒業),1
文学部社会福祉コース(大学)(2012年3月卒業),1
生活科学科(短期大学)(1979年3月卒業),1
社会学部社会学科(大学)(1986年3月卒業),1
文学部 教育学科心理学(大学)(1979年3月卒業),1
文学部歴史学科(大学)(2013年3月中退),1
国際情報社会学科(高等専門学校)(1995年3月卒業),1
商業科商業(高等学校)(1976年3月卒業),1
電子情報科(高等学校)(2003年3月卒業),1
保育科(専門学校),1
(高等学校)(1980年3月卒業),1
幼児教育幼児教育保育科(短期大学)(1991年3月卒業),1
介護福祉科 夜間部介護福祉士(専門学校)(2003年3月卒業),1
栄養士科(専門学校)(1999年3月卒業),1
文学部心理学専攻(大学)(2015年9月卒業),1
(大学)(2006年3月卒業),1
自動車整備(専門学校)(2007年4月卒業),1
社会学部・臨床福祉学科高齢者福祉(大学)(2017年3月中退),1
被服科(高等学校)(1973年3月卒業),1
食物科栄養専攻(短期大学)(2016年4月中退),1
介護福祉(専門学校)(2008年3月卒業),1
服飾意匠学科(短期大学)(1988年3月卒業),1
色染科学科(高等学校)(1979年3月卒業),1
介護福祉科(高等学校)(2011年3月卒業),1
京都国際科(高等学校)(2012年3月卒業),1
人文科学部史学科日本史(大学)(2007年3月卒業),1
情報処理科(高等学校)(1994年3月卒業),1
広報マスコミ科(短期大学),1
介護福祉科(高等専門学校),1
介護福祉学科(短期大学)(2011年3月卒業),1
福祉メディカル科(専門学校)(2018年3月卒業見込み),1
福祉社会学部福祉社会学科(大学)(2006年3月卒業),1
経済学部 経済学科(大学)(2007年3月卒業),1
文学部社会学科社会福祉コース(大学)(2012年3月卒業),1
普通科(その他),1
社会学部社会学科(大学)(2002年3月卒業),1
(高等学校)(1998年3月中退),1
商業科(高等学校)(1989年4月卒業),1
(高等学校)(1971年3月卒業),1
外国語学部仏語科(大学)(1992年3月卒業),1
大学院医学研究科医科学 社会医学・行動科学分野(大学院(修士))(2016年3月卒業),1
社会学部社会福祉学科(大学)(2003年3月卒業),1
工学部応用化学科(大学)(1981年3月卒業),1
衛生士科(専門学校)(2000年3月卒業),1
福祉科(高等学校)(2005年2月卒業),1
機械工学科(高等学校)(1986年3月卒業),1
